"Variable / Field Name","Form Name","Section Header","Field Type","Field Label","Choices, Calculations, OR Slider Labels","Field Note","Text Validation Type OR Show Slider Number","Text Validation Min","Text Validation Max",Identifier?,"Branching Logic (Show field only if...)","Required Field?","Custom Alignment","Question Number (surveys only)","Matrix Group Name","Matrix Ranking?","Field Annotation"
rsp_prt_portal_start_date_msg,rsp_participant_info,,descriptive,"<div class='red'><center>REQUIRED: Enter the start date of the repeating surveys below. </center></div>",,,,,,,"[rsp_prt_start_date] = ''",,,,,,
rsp_prt_start_date,rsp_participant_info,,text,"Start Date",,,date_ymd,,,,,,,,,,
rsp_prt_config_id,rsp_participant_info,,text,"Participant Config ID Field - 
This corresponds to the 'Unique Config ID' entered in the EM config",,,,,,,,,,,,,
rsp_prt_disable_portal,rsp_participant_info,,checkbox,"Check to disable diary portal","1, Disable Survey Portal",,,,,,,,,,,,
rsp_prt_part_disabled,rsp_participant_info,,calc,"Participant portal is DISABLED when equation displays 1.

You can update this equation to equal 1 when the participant is disabled. Default check is that a start_date has been entered and the disable checkbox is not checked.

Portal Disabled: [rsp_prt_disable_portal(1)]
Start Date: [rsp_prt_start_date]","(if([rsp_prt_disable_portal(1)] <> 0,1,0)) OR (if([rsp_prt_start_date] = '', 1, 0))",,,,,,,,,,,,
rsp_prt_portal_url_message,rsp_participant_info,"SURVEY PORTAL CONFIGURATION

<div class='green'><a target='_BLANK' href='[rsp_prt_portal_url]'>[rsp_prt_portal_url]</a></div>",descriptive,"<div class='yellow'>To create a unique survey portal url that can be used by participants to access their survey,
press save and continue once.</div>",,,,,,,"[rsp_prt_portal_url] = ''",,,,,,
rsp_prt_portal_url,rsp_participant_info,,text,"Survey Portal Unique Url

=== AUTO-POPULATED ===",,"This url can be bookmarked on a participants device",,,,,,,,,,,
rsp_prt_portal_hash,rsp_participant_info,,text,"Survey Portal Hash

=== AUTO-POPULATED ===",,,,,,,,,,,,,
rsp_prt_email_message,rsp_participant_info,"Email and SMS Setup",descriptive,"<div class='yellow'>In order for the participant to receive the initial portal email or the scheduled repeating surveys by email, an email address must be entered below.</div>",,,,,,,"[rsp_prt_portal_email] = ''",,,,,,
rsp_prt_portal_email,rsp_participant_info,,text,"Invitation / Reminder Email",,,email,,,,,,,,,,
rsp_prt_disable_email,rsp_participant_info,,checkbox,"Disable Participant Email","1, Disable Email [rsp_prt_portal_email]",,,,,,"[rsp_prt_portal_email] <> ''",,,,,,
rsp_prt_email_message_2,rsp_participant_info,,descriptive,"<div class='yellow'>In order for the participant to receive the scheduled repeating surveys by text, a cell-phone number must be entered below.</div>",,,,,,,"[rsp_prt_portal_phone] = ''",,,,,,
rsp_prt_portal_phone,rsp_participant_info,,text,"Invitation / Reminder (SMS) phone number",,,phone,,,,,,,,,,
rsp_prt_disable_sms,rsp_participant_info,,checkbox,"Disable Participant SMS","1, Disable SMS [rsp_prt_portal_phone]",,,,,,"[rsp_prt_portal_phone] <> ''",,,,,,
