"Variable / Field Name","Form Name","Section Header","Field Type","Field Label","Choices, Calculations, OR Slider Labels","Field Note","Text Validation Type OR Show Slider Number","Text Validation Min","Text Validation Max",Identifier?,"Branching Logic (Show field only if...)","Required Field?","Custom Alignment","Question Number (surveys only)","Matrix Group Name","Matrix Ranking?","Field Annotation"
rsp_prt_start_date,rsp_participant_info,,text,"Start Date",,,date_ymd,,,,,,,,,,
rsp_prt_config_id,rsp_participant_info,,text,"Participant Config ID Field - 
This corresponds to the 'Unique Config ID' entered in the EM config",,,,,,,,,,,,,
rsp_prt_disable_portal,rsp_participant_info,,checkbox,"Check to disable diary portal","1, Disable Survey Portal",,,,,,,,,,,,
rsp_prt_part_disabled,rsp_participant_info,"SURVEY PORTAL CONFIGURATION

<div class='green'><a target='_BLANK' href='[survey_portal_unique_url]'>[survey_portal_unique_url]</a></div>",calc,participant_disabled,"if([rsp_prt_disable_portal(1)] <> 0 AND [baseline_arm_1][rsp_prt_start_date] <> '', 1, 0)",,,,,,,,,,,,
rsp_prt_portal_hash,rsp_participant_info,,text,"Survey Portal Hash",,,,,,,,,,,,,
rsp_prt_portal_url,rsp_participant_info,,text,"Survey Portal Unique Url",,"This url can be bookmarked on a participants device",,,,,,,,,,,
rsp_prt_portal_url_message,rsp_participant_info,,descriptive,"<div class='yellow'><center>To create a unique survey portal url that can be used by participants to access their survey,<br>press save and continue once.</center></div>",,,,,,,"[rsp_prt_portal_url] = ''",,,,,,
rsp_prt_portal_phone,rsp_participant_info,"Daily Survey Reminders",text,"Invitation / Reminder (SMS) phone number",,,phone,,,,,,,,,,
rsp_prt_portal_email,rsp_participant_info,,text,"Invitation / Reminder Email",,,email,,,,,,,,,,
rsp_prt_disable_email,rsp_participant_info,,checkbox,"Disable Participant Email","1, Disable Email [rsp_prt_portal_email]",,,,,,,,,,,,
rsp_prt_disable_sms,rsp_participant_info,,checkbox,"Disable Participant SMS","1, Disable SMS [rsp_prt_portal_phone]",,,,,,,,,,,,
rsp_prt_submit_start_time,rsp_participant_info,"Override Default Time Values - NOT YET IMPLEMENTED",text,"Diary Submission Start Time
<span style='font-weight:normal;'>This is the earliest they can submit a survey</span>",,"If set, will overrride the default",time,,,,,,,,,,
rsp_prt_reminder_time,rsp_participant_info,,text,"Override Diary Reminder Time
<span style='font-weight:normal;'>This is earliest time a reminder will be sent
(must be after the start time)</span>",,"If set, will override the default reminder time",time,,,,,,,,,,
rsp_prtl_submit_end_time,rsp_participant_info,,text,"Diary Submission End Time
<span style='font-weight:normal;'>This is the latest they can submit a survey
(and it must span one day from the start time)</span>",,"If set, will overrride the default",time,,,,,,,,,,
